{
  "cutoff": "2017-01-01 00:00:00",
  "n_train": 396264,
  "n_test": 16671,
  "accuracy": 0.6022434167116549,
  "f1_macro": 0.47153196677178205,
  "report": {
    "Good": {
      "precision": 0.0,
      "recall": 0.0,
      "f1-score": 0.0,
      "support": 1032.0
    },
    "Hazardous": {
      "precision": 0.8379746835443038,
      "recall": 0.5353099730458221,
      "f1-score": 0.6532894736842105,
      "support": 1855.0
    },
    "Moderate": {
      "precision": 0.6061882626380012,
      "recall": 0.8634388578522657,
      "f1-score": 0.7122983698899036,
      "support": 4833.0
    },
    "Unhealthy": {
      "precision": 0.6063518595904722,
      "recall": 0.677088194120392,
      "f1-score": 0.6397707231040565,
      "support": 4286.0
    },
    "Unhealthy_for_Sensitive_Groups": {
      "precision": 0.3953757225433526,
      "recall": 0.15789473684210525,
      "f1-score": 0.2256680963378423,
      "support": 2166.0
    },
    "Very_Unhealthy": {
      "precision": 0.5523551338529312,
      "recall": 0.6522609043617447,
      "f1-score": 0.5981651376146789,
      "support": 2499.0
    },
    "accuracy": 0.6022434167116549,
    "macro avg": {
      "precision": 0.4997076103615102,
      "recall": 0.4809987777037216,
      "f1-score": 0.47153196677178205,
      "support": 16671.0
    },
    "weighted avg": {
      "precision": 0.5590363071223252,
      "recall": 0.6022434167116549,
      "f1-score": 0.5626572545230011,
      "support": 16671.0
    }
  },
  "confusion_matrix": [
    [
      0,
      1012,
      17,
      3,
      0,
      0
    ],
    [
      0,
      4173,
      192,
      455,
      13,
      0
    ],
    [
      0,
      1062,
      342,
      729,
      33,
      0
    ],
    [
      0,
      630,
      275,
      2902,
      474,
      5
    ],
    [
      0,
      7,
      35,
      640,
      1630,
      187
    ],
    [
      0,
      0,
      4,
      57,
      801,
      993
    ]
  ],
  "labels": [
    "Good",
    "Moderate",
    "Unhealthy_for_Sensitive_Groups",
    "Unhealthy",
    "Very_Unhealthy",
    "Hazardous"
  ],
  "feature_cols": [
    "No",
    "year",
    "month",
    "day",
    "hour",
    "PM10",
    "SO2",
    "NO2",
    "CO",
    "O3",
    "TEMP",
    "PRES",
    "DEWP",
    "RAIN",
    "wd",
    "WSPM",
    "station",
    "hour_sin",
    "hour_cos",
    "dow",
    "is_weekend",
    "PM10_lag1",
    "SO2_lag1",
    "NO2_lag1",
    "CO_lag1",
    "O3_lag1",
    "TEMP_lag1",
    "PRES_lag1",
    "DEWP_lag1",
    "RAIN_lag1",
    "WSPM_lag1",
    "PM10_lag3",
    "SO2_lag3",
    "NO2_lag3",
    "CO_lag3",
    "O3_lag3",
    "TEMP_lag3",
    "PRES_lag3",
    "DEWP_lag3",
    "RAIN_lag3",
    "WSPM_lag3",
    "PM10_lag24",
    "SO2_lag24",
    "NO2_lag24",
    "CO_lag24",
    "O3_lag24",
    "TEMP_lag24",
    "PRES_lag24",
    "DEWP_lag24",
    "RAIN_lag24",
    "WSPM_lag24"
  ],
  "categorical_cols": [
    "wd",
    "station"
  ],
  "numeric_cols": [
    "No",
    "year",
    "month",
    "day",
    "hour",
    "PM10",
    "SO2",
    "NO2",
    "CO",
    "O3",
    "TEMP",
    "PRES",
    "DEWP",
    "RAIN",
    "WSPM",
    "hour_sin",
    "hour_cos",
    "dow",
    "is_weekend",
    "PM10_lag1",
    "SO2_lag1",
    "NO2_lag1",
    "CO_lag1",
    "O3_lag1",
    "TEMP_lag1",
    "PRES_lag1",
    "DEWP_lag1",
    "RAIN_lag1",
    "WSPM_lag1",
    "PM10_lag3",
    "SO2_lag3",
    "NO2_lag3",
    "CO_lag3",
    "O3_lag3",
    "TEMP_lag3",
    "PRES_lag3",
    "DEWP_lag3",
    "RAIN_lag3",
    "WSPM_lag3",
    "PM10_lag24",
    "SO2_lag24",
    "NO2_lag24",
    "CO_lag24",
    "O3_lag24",
    "TEMP_lag24",
    "PRES_lag24",
    "DEWP_lag24",
    "RAIN_lag24",
    "WSPM_lag24"
  ]
}